contentId,title,sigungu,er_km,min_est,pts_cur,pts_new,diff
2994116,가곡유황온천&스파,삼척시,18.65783870680184,21.08168527230778,5.0,3.0,-2.0
2761729,가람리조트,홍천군,19.52629028083273,21.6758894394384,5.0,3.0,-2.0
3068424,가리왕산케이블카,정선군,11.02346503863711,15.858162415413982,2.0,2.0,0.0
2714889,가원습지 생태자연공원,동해시,6.254181521733945,12.594965911759036,1.0,2.0,1.0
3041720,간이해변,속초시,1.4655523918573856,9.318532925854273,0.0,1.0,1.0
126644,간현관광지,원주시,10.030435841916564,15.178720861712875,2.0,2.0,0.0
2715990,갈남항,삼척시,22.73655497421819,23.872388030083002,6.0,4.0,-2.0
127535,갈천약수터,양양군,32.6407432456414,30.64894312988013,10.0,5.0,-5.0
2820184,감성공작소,삼척시,0.25644396147655707,8.49124757186458,0.0,1.0,1.0
2735620,감추사,동해시,2.3739440471016544,9.940064538063229,0.0,1.0,1.0
125769,강릉 굴산사지,강릉시,4.68257642066131,11.519656328512337,1.0,2.0,1.0
128359,강릉 복사꽃마을,강릉시,9.849194147206145,15.054713290680578,2.0,2.0,0.0
2702581,강릉 오금집,강릉시,0.9117681269312276,8.939627610059675,0.0,1.0,1.0
128360,강릉 한울타리마을,강릉시,14.639218026422661,18.332100579501805,3.0,3.0,0.0
129337,강릉 해살이마을,강릉시,4.997458460906979,11.735102101268703,1.0,2.0,1.0
3542927,강릉교회,강릉시,2.3738253566390073,9.939983328736638,0.0,1.0,1.0
2774698,강릉아트센터,강릉시,1.0405536835844236,9.027744111564045,0.0,1.0,1.0
3544376,강릉종합사회복지관,강릉시,1.3169360797711638,9.216848002266262,0.0,1.0,1.0
3547638,강릉통일공원안보전시관,강릉시,10.013270352512752,15.16697604410924,2.0,2.0,0.0
3546554,강릉항여객터미널,강릉시,4.045124301860123,11.083504542201641,1.0,1.0,0.0
125787,강릉향교,강릉시,1.5519994436942204,9.3776809543381,0.0,1.0,1.0
3547899,강문해변화장실,강릉시,2.498116314315212,10.025024575936024,0.0,1.0,1.0
2702651,강변저류지,영월군,1.6359368634274323,9.435111864794244,0.0,1.0,1.0
128778,강원 경찰충혼탑,춘천시,4.314196590910151,11.267606776792345,1.0,2.0,1.0
1857095,강원 영월 김삿갓면 [슬로시티],영월군,11.484433028396074,16.173561809714414,2.0,2.0,0.0
2610850,강원숲체험장,춘천시,12.409585054539779,16.806561052967986,3.0,2.0,-1.0
2714533,강원특별자치도 자연환경연구공원,홍천군,8.021708945727214,13.804327714144453,2.0,2.0,0.0
895963,강원특별자치도 탄광문화촌,영월군,8.531889773784828,14.153399076425385,2.0,2.0,0.0
125735,강재구공원,홍천군,4.800953444215698,11.600651196610801,1.0,2.0,1.0
2706334,강촌 출렁다리공원,춘천시,11.732501769741448,16.343293184784763,3.0,2.0,-1.0
125605,강촌유원지,춘천시,11.835079074403673,16.413477710561384,3.0,2.0,-1.0
129391,개미들마을,정선군,7.7306566274329,13.605186500569591,2.0,2.0,0.0
2774540,개야리유원지,홍천군,23.109512741737724,24.127569857430302,7.0,4.0,-3.0
2714611,갯마을해변,양양군,15.427869327442979,18.87170451769743,4.0,3.0,-1.0
2570295,거례리 수목공원&반지교,화천군,3.8689754182284477,10.9629815288072,1.0,1.0,0.0
2774598,거례리사랑나무,화천군,4.073116913471404,11.102657396506562,1.0,1.0,0.0
125714,거진1리해변,고성군,27.545612541374815,27.16279837859814,9.0,4.0,-5.0
3112059,거진어촌체험휴양마을,고성군,27.947501000869906,27.43777490520548,9.0,4.0,-5.0
2774556,건봉령승호대,춘천시,13.335161554578928,17.439850725953107,3.0,2.0,-1.0
127228,건봉사,고성군,27.253957976472336,26.963245101236524,9.0,4.0,-5.0
2702477,경천묘,원주시,18.19610227399065,20.765760100776365,4.0,3.0,-1.0
3454461,경포호수광장,강릉시,2.6498466328488,10.128840137158678,1.0,1.0,0.0
125612,계방산(평창),평창군,37.90484259435878,34.25069809553604,10.0,6.0,-4.0
129305,고라데이마을,횡성군,22.059924879926292,23.409430239854014,6.0,4.0,-2.0
2798965,고랭길,평창군,23.98483529233596,24.726475222682566,7.0,4.0,-3.0
2798360,고랭지만두마을,평창군,18.511117141397452,20.9812967553447,5.0,3.0,-2.0
128365,고로쇠마을(미산마을),인제군,39.82751683747781,35.566213066616506,10.0,6.0,-4.0
2770458,고마루 카르스트,평창군,12.734621871102918,17.028954835935345,3.0,2.0,-1.0
2615225,고석정 (한탄강 유네스코 세계지질공원),철원군,4.396908918416741,11.324199465604421,1.0,2.0,1.0
125782,고석정국민관광지,철원군,4.396908918416741,11.324199465604421,1.0,2.0,1.0
2514847,고성 문암리 유적,고성군,10.546276499028195,15.53166474159837,2.0,2.0,0.0
2616507,고성 제3기 현무암 (강원평화지역 국가지질공원),고성군,10.335517406192261,15.38746104047257,2.0,2.0,0.0
128171,고성 통일전망타워,고성군,36.37199098101357,33.201904076987546,10.0,6.0,-4.0
125724,고씨굴 (강원고생대 국가지질공원),영월군,8.778555620546632,14.322170575513546,2.0,2.0,0.0
125630,고원통계곡,인제군,25.615072501984844,25.841901542757732,8.0,4.0,-4.0
2702475,고진하 가옥,영월군,7.066618497492486,13.150844271546028,1.0,2.0,1.0
2715985,고천마을,삼척시,9.286188964113057,14.669498920744791,2.0,2.0,0.0
127413,고포마을,삼척시,32.06262746424429,30.2533899215467,10.0,5.0,-5.0
2569346,곡운구곡 (강원평화지역 국가지질공원),화천군,14.704293686197962,18.37662606529001,3.0,3.0,0.0
125651,공수전계곡,양양군,18.311831472215463,20.844943297514313,4.0,3.0,-1.0
3036718,공작산생태숲,홍천군,5.3275480247975056,11.960953029812362,1.0,2.0,1.0
126787,공현진1리해변,고성군,16.41744345176184,19.548782072667677,4.0,3.0,-1.0
2712573,공현진항,고성군,17.51934503522244,20.30271531689118,4.0,3.0,-1.0
125645,관음사·국형사계곡,원주시,5.452058252634762,12.046144304079831,1.0,2.0,1.0
125642,광덕계곡,화천군,17.27085116635253,20.13269306486903,4.0,3.0,-1.0
128098,광덕산(화천),화천군,12.139629729020001,16.621854635063272,3.0,2.0,-1.0
2987914,광천선굴어드벤처테마파크,평창군,17.51257464282142,20.29808293956803,4.0,3.0,-1.0
2715935,교암항,고성군,8.923701350883062,14.421480888703279,2.0,2.0,0.0
125715,교암해변,고성군,9.1281457502091,14.561364006724697,2.0,2.0,0.0
2762710,구 조선식산은행 원주지점,원주시,0.45985168106989865,8.630421382153052,0.0,1.0,1.0
2048794,구 철원제일교회,철원군,14.412581184163303,18.177033146702097,3.0,3.0,0.0
125669,구룡폭포(소금강),강릉시,15.41325938074245,18.86170823066128,4.0,3.0,-1.0
125631,구만동계곡,인제군,20.82746612178362,22.566168333486672,5.0,4.0,-1.0
2610122,구문소마을,태백시,3.2123498798510948,10.513711076872559,1.0,1.0,0.0
125776,구미정,정선군,17.856861676458895,20.533647933856532,4.0,3.0,-1.0
2714558,구봉산,춘천시,3.423106795205466,10.657913288141403,1.0,1.0,0.0
1955957,구은사,철원군,18.62839539178816,21.061539830698337,5.0,3.0,-2.0
128174,국립 복주산자연휴양림,철원군,14.463726945730992,18.21202764215051,3.0,3.0,0.0
125412,국립 용대자연휴양림,인제군,19.06052448231254,21.357207331346817,5.0,3.0,-2.0
407225,국립 용화산자연휴양림,춘천시,11.244884244702037,16.009659883851818,2.0,2.0,0.0
407252,국립두타산자연휴양림,평창군,20.966155191740196,22.661060928270246,5.0,4.0,-1.0
2465278,국립축산과학원 한우연구소,평창군,19.71468558015117,21.804791585822045,5.0,3.0,-2.0
2710587,국립춘천숲체원,춘천시,10.83290453569561,15.727778812776492,2.0,2.0,0.0
127901,국립한국자생식물원,평창군,24.53347460878072,25.101860307852064,7.0,4.0,-3.0
745328,국순당 주향로,횡성군,19.173474393091436,21.434488908891016,5.0,3.0,-2.0
2764833,국제평화아트파크,화천군,16.954778896899537,19.91643292413179,4.0,3.0,-1.0
127826,국지산,영월군,4.906844356580371,11.673102929407262,1.0,2.0,1.0
125757,국형사,원주시,5.347320863849714,11.974481824868018,1.0,2.0,1.0
3532463,굴산사지당간지주,강릉시,4.594931001561266,11.459688363899835,1.0,2.0,1.0
2715936,궁촌항,삼척시,15.621829472813468,19.004414193265713,4.0,3.0,-1.0
126649,궁촌해변(궁촌해수욕장),삼척시,15.785210490555526,19.116201291677857,4.0,3.0,-1.0
298103,극락암(강원),고성군,22.36668294343746,23.619317497923248,6.0,4.0,-2.0
2710596,근화동396청년창업공간,춘천시,2.479741038835076,10.012452009325555,0.0,1.0,1.0
3485602,근화수변 문화광장숲,춘천시,3.960780289722648,11.02579543672788,1.0,1.0,0.0
2774020,금강공원에코스튜디오,영월군,1.0743703124547,9.050881822858369,0.0,1.0,1.0
125770,금강사(강릉),강릉시,14.719512505898978,18.3870389499638,3.0,3.0,0.0
2702474,금강정,영월군,1.183890583625627,9.125816803070318,0.0,1.0,1.0
126656,금당계곡,평창군,12.623374653527089,16.95283825990287,3.0,2.0,-1.0
129676,금대계곡,원주시,11.432501125252058,16.138029427509185,2.0,2.0,0.0
2735607,금란정,동해시,10.586064964990037,15.558888449845597,2.0,2.0,0.0
2931992,금천골 석탄층,태백시,0.8742002741386053,8.913923269890292,0.0,1.0,1.0
2717260,금풀애마을,양양군,25.19241331446481,25.55271345442857,8.0,4.0,-4.0
2702655,기린사우나,강릉시,0.7683951970495267,8.841530266538248,0.0,1.0,1.0
125736,기미만세공원,홍천군,24.47910770884023,25.064661873921352,7.0,4.0,-3.0
129022,기사문마을,양양군,24.071691978608293,24.785903527575407,7.0,4.0,-3.0
2773621,기사문항,양양군,23.647784161296162,24.495861112939686,7.0,4.0,-3.0
127844,기우산(정선),정선군,3.2184212347470202,10.51786516500731,1.0,1.0,0.0
2770528,기화리 코끼리바위,평창군,14.152567444464694,17.999128871714124,3.0,3.0,0.0
126894,김삿갓 계곡,영월군,14.67440133651264,18.35617338919444,3.0,3.0,0.0
2717590,김성래 가옥,양양군,21.44772044233563,22.990553196124583,6.0,4.0,-2.0
2715374,김정묘역 문인석,춘천시,4.687256680644943,11.52285861413043,1.0,2.0,1.0
129284,김제남 신도비,원주시,11.068081749459276,15.888689662167812,2.0,2.0,0.0
2702472,김종길 가옥,영월군,15.628599179082567,19.00904610112982,4.0,3.0,-1.0
2715365,김청풍부원군묘역,춘천시,14.62709781041864,18.323807793730587,3.0,3.0,0.0
2777043,김택준가옥,양양군,19.131035536458715,21.405451774048394,5.0,3.0,-2.0
264466,김하인 아트홀 국화꽃향기,고성군,10.912216877980507,15.782045194115216,2.0,2.0,0.0
2569497,김화군민 망향탑,철원군,17.559195171538047,20.32998122067618,4.0,3.0,-1.0
2702470,꺼먹다리,화천군,4.623756332759981,11.479410974151662,1.0,2.0,1.0
3036181,나리소전망대,정선군,14.157919761759418,18.002790986373633,3.0,3.0,0.0
125589,낙산도립공원,양양군,10.220359495437124,15.308668724936592,2.0,2.0,0.0
125795,낙산사 의상대,양양군,9.28465034129842,14.668446178006523,2.0,2.0,0.0
2714816,낙산항,양양군,9.611504630607365,14.892083495917566,2.0,2.0,0.0
2714824,낙산해안로,양양군,5.481933630255239,12.066585367701022,1.0,2.0,1.0
2715385,난포정(蘭浦亭),정선군,20.132827219492544,22.090888717748754,5.0,3.0,-2.0
3037190,남노일강변유원지,홍천군,11.867053512656591,16.43535497467107,3.0,2.0,-1.0
125748,남대천(강릉),강릉시,6.738610357623063,12.926417476326424,1.0,2.0,1.0
2916001,남애1리해수욕장,양양군,14.21099874904276,18.03910821622727,3.0,3.0,0.0
2913902,남애3리해수욕장,양양군,15.54656731806646,18.952918995012652,4.0,3.0,-1.0
128562,남애어촌체험마을,양양군,15.376440629528267,18.836516434072703,4.0,3.0,-1.0
126738,남애항,양양군,15.376443433822008,18.836518352801477,4.0,3.0,-1.0
2913903,남애항 스카이워크 전망대,양양군,15.40380067581581,18.855236480190513,4.0,3.0,-1.0
128099,낭천산림욕장,화천군,0.4249193049104834,8.606520264229625,0.0,1.0,1.0
125649,내리계곡,영월군,20.309367537915808,22.21167955515466,5.0,3.0,-2.0
125627,내린천 포트홀 (강원평화지역 국가지질공원),인제군,30.889954569200494,29.45103416360623,10.0,5.0,-5.0
125633,내심적계곡,인제군,23.985523659522194,24.726946211120847,7.0,4.0,-3.0
2712723,냉천공원,동해시,1.5954920852419479,9.407439100468489,0.0,1.0,1.0
1955959,노동서원,홍천군,18.21181571613352,20.776511411592605,4.0,3.0,-1.0
125718,노봉해변,동해시,6.233410187531773,12.580753935284049,1.0,2.0,1.0
2798468,노산성,평창군,0.8692741124090776,8.91055273557937,0.0,1.0,1.0
2753136,노암터널,강릉시,1.6261114369312883,9.428389199371756,0.0,1.0,1.0
125638,뇌운계곡,평창군,5.155584780568784,11.843293877167,1.0,2.0,1.0
2456701,다이나믹 메이즈 속초점,속초시,5.417473256493145,12.022480867404646,1.0,2.0,1.0
125636,단경골 휴양지,강릉시,8.837321222614147,14.362378650064421,2.0,2.0,0.0
2778036,단관공원,원주시,1.898931537298881,9.615055727895603,0.0,1.0,1.0
2735338,단종대왕비,태백시,4.087494537615991,11.11249472588176,1.0,1.0,0.0
127305,단풍산,영월군,7.2022486363786,13.243643911876656,1.0,2.0,1.0
3041338,닭전 골목,속초시,1.2414633101226962,9.165208698969412,0.0,1.0,1.0
125625,담터계곡,철원군,9.553062688527353,14.852096873107996,2.0,2.0,0.0
2705266,대관령 주주파크,평창군,17.79496195517487,20.491295460292033,4.0,3.0,-1.0
1949976,대관령 하늘목장,평창군,15.661816614826046,19.031773837863092,4.0,3.0,-1.0
2616465,대교천 현무암 협곡 (한탄강 유네스코 세계지질공원),철원군,4.3259022226022115,11.275615899394351,1.0,2.0,1.0
129560,대금굴 (대이리 동굴지대),삼척시,17.942721363345704,20.592394080748605,4.0,3.0,-1.0
2569361,대성산지구 전적비,화천군,16.678031502022765,19.727079297291027,4.0,3.0,-1.0
126643,대승령과 대승폭포,인제군,22.492453018114325,23.705370773325182,6.0,4.0,-2.0
2774430,대진 해수욕장,동해시,5.452780231410694,12.046638289939338,1.0,2.0,1.0
126778,대진1리해변,고성군,34.99353817301966,32.258751427840814,10.0,5.0,-5.0
2514846,대진항,고성군,34.59297449148293,31.984681328957166,10.0,5.0,-5.0
2776834,대진항(삼척),삼척시,13.336938829823096,17.44106675732181,3.0,2.0,-1.0
129032,대포마을,속초시,3.5256665918936165,10.728085834768626,1.0,1.0,0.0
3041101,대포항 원조튀김골목,속초시,3.6134553618837044,10.788151881644747,1.0,1.0,0.0
3544074,대한노인회 강릉시지회,강릉시,0.4514919967353457,8.624701593720369,0.0,1.0,1.0
127827,덕가산,영월군,11.130750248149157,15.931568141731741,2.0,2.0,0.0
2715219,덕고마을,횡성군,3.658992812199804,10.819309108538516,1.0,1.0,0.0
2715749,덕산항,삼척시,10.604069271130154,15.571207195132795,2.0,2.0,0.0
125717,덕산해변,삼척시,9.092698705836305,14.537110747120344,2.0,2.0,0.0
3036246,덕우리대촌마을,정선군,5.301638413909134,11.943225387628303,1.0,2.0,1.0
2711379,덕우리체험마을,정선군,5.5205922062049115,12.093035992711707,1.0,2.0,1.0
125641,덕풍계곡,삼척시,13.80351829592707,17.760305585768794,3.0,3.0,0.0
127739,덕항산,삼척시,18.90383416976799,21.24999808739229,5.0,3.0,-2.0
2820769,도계역 급수탑,삼척시,14.09059613782548,17.956727418658275,3.0,3.0,0.0
2714727,도계유리마을,삼척시,12.480403477867613,16.855015801061427,3.0,2.0,-1.0
789897,도사곡휴양림,정선군,21.179367524284274,22.80694316312336,6.0,4.0,-2.0
2776858,도원리계곡,고성군,11.500929610481807,16.184848953536676,2.0,2.0,0.0
585615,도직해변,강릉시,9.219673026639763,14.623987981034267,2.0,2.0,0.0
2776829,도째비골 해랑전망대,동해시,2.750770724247471,10.197893516145161,1.0,1.0,0.0
2711035,도째비골스카이밸리,동해시,2.811420279388137,10.239390612214583,1.0,1.0,0.0
127084,동강 (강원고생대 국가지질공원),정선군,4.0362769899348425,11.077451113580969,1.0,1.0,0.0
2891338,동강리버버깅,영월군,10.147346788994213,15.258712624079415,2.0,2.0,0.0
1991092,동강시스타 리조트,영월군,5.88796590620285,12.344397139332422,1.0,2.0,1.0
2568667,동구래마을,화천군,8.354633343598467,14.032118267435008,2.0,2.0,0.0
2788927,동명동성당,속초시,0.709579347252269,8.801287811935229,0.0,1.0,1.0
1955961,동명서원,양양군,10.668544654666562,15.615321965282678,2.0,2.0,0.0
129454,동명항,속초시,1.1284354622977693,9.087873796036773,0.0,1.0,1.0
3041283,동명항 포장마차 거리,속초시,0.7845338661456708,8.852572522336532,0.0,1.0,1.0
3040955,동명항오징어난전,속초시,0.8439598341843917,8.893232426584827,0.0,1.0,1.0
125685,동산포해변,양양군,20.242114412767084,22.165664223487468,5.0,3.0,-2.0
2752126,동산항,양양군,19.969727451068675,21.979294053229147,5.0,3.0,-2.0
2710838,동산해수욕장,양양군,20.076399938385173,22.05228054824746,5.0,3.0,-2.0
2710737,동해생명자원센터,양양군,14.048181583108411,17.927706911454983,3.0,3.0,0.0
2711056,동해약천온천실버타운,동해시,7.706247374661141,13.588485419994422,2.0,2.0,0.0
1954341,동해향교,동해시,1.5560663206199818,9.380463556487438,0.0,1.0,1.0
125640,동활계곡,삼척시,12.292991464590536,16.72678642985688,3.0,2.0,-1.0
126751,두위봉,정선군,20.884705435189822,22.60533210446333,5.0,4.0,-1.0
127649,두타산,동해시,10.738005194665122,15.662847634591698,2.0,2.0,0.0
2773863,두타산협곡마천루,동해시,11.041103964906597,15.870231163754653,2.0,2.0,0.0
2569384,두타연 평화누리길,양구군,13.629573035765416,17.641290315912194,3.0,3.0,0.0
2789625,둔내자연휴양림,횡성군,19.081954622599632,21.371870070227786,5.0,3.0,-2.0
125650,둔전계곡,양양군,9.0107089454814,14.48101244674097,2.0,2.0,0.0
2641014,뒷뜨루관광농원,강릉시,2.624787994469856,10.111694739772528,1.0,1.0,0.0
2716221,등광사,태백시,9.372110848843791,14.728287624089237,2.0,2.0,0.0
3351277,라카이 샌드파인 수영장,강릉시,3.619589418016741,10.792348870659053,1.0,1.0,0.0
2663739,려우도예,춘천시,6.685200917823394,12.889874147208172,1.0,2.0,1.0
2925502,리고엠,강릉시,1.9508377754972992,9.650570549861344,0.0,1.0,1.0
125733,마곡유원지,홍천군,22.378085787319566,23.62711944975856,6.0,4.0,-2.0
2717286,마린데크(커피마린협동조합),삼척시,2.683398166795694,10.151796467575968,1.0,1.0,0.0
2786179,마운틴코스터,평창군,22.96035797562042,24.02551651764196,6.0,4.0,-2.0
2657838,마차리폐광촌,영월군,7.690215530552234,13.577516255033288,2.0,2.0,0.0
127141,막동계곡,평창군,19.035199696370118,21.339879832855644,5.0,3.0,-2.0
2681536,망경대산자연휴양림,영월군,11.374617213825028,16.09842461544106,2.0,2.0,0.0
2610091,매봉산풍력발전단지(바람의 언덕),태백시,12.876920958091134,17.1263174442784,3.0,2.0,-1.0
2787555,매운탕골,춘천시,11.362001739105006,16.08979296818159,2.0,2.0,0.0
125775,매월대폭포,철원군,15.579053067480825,18.975146103871218,4.0,3.0,-1.0
128362,매화마을(매호리마을),원주시,9.12955399357188,14.562327542400745,2.0,2.0,0.0
127872,맹방해변,삼척시,8.21309749871474,13.935277877776999,2.0,2.0,0.0
580519,메이힐스리조트,정선군,19.177155531085546,21.437007584199222,5.0,3.0,-2.0
2789885,명월리산촌생태마을,춘천시,9.04205041384613,14.502456625856079,2.0,2.0,0.0
128288,명주사(양양),양양군,21.25514596565146,22.858791610389165,6.0,4.0,-2.0
2712951,명주사부도군,양양군,21.242912753358215,22.85042151130776,6.0,4.0,-2.0
126776,명파해변,고성군,39.72442343093874,35.49567541823057,10.0,6.0,-4.0
126715,모나용평,평창군,19.47434821024688,21.64035010055707,5.0,3.0,-2.0
136089,모나용평 그린피아콘도,평창군,22.125443021569335,23.454258476627487,6.0,4.0,-2.0
128029,모둘자리 힐링체험마을,홍천군,29.64752290237037,28.600948682870786,10.0,5.0,-5.0
127303,목우산,영월군,21.00242840405246,22.68587946111154,6.0,4.0,-2.0
127842,몰운대(정선),정선군,15.315715844060382,18.79496786458177,4.0,3.0,-1.0
2767553,몽토랑 산양목장,태백시,9.378536616419995,14.732684205297641,2.0,2.0,0.0
2774013,무궁화수목원,홍천군,6.253701794638176,12.594637677177033,1.0,2.0,1.0
125673,무릉계곡 용추폭포(강원),동해시,13.053087225510241,17.246852351852368,3.0,2.0,-1.0
129588,묵호항,동해시,2.09629630767159,9.750094885526366,0.0,1.0,1.0
2774728,묵호항수변공원,동해시,2.312787174946052,9.89822033008412,0.0,1.0,1.0
126788,문암2리해변,고성군,9.560452031624767,14.857152743339727,2.0,2.0,0.0
2782552,문암항,고성군,9.443752172442183,14.777305409644432,2.0,2.0,0.0
125690,문암해변,삼척시,18.26307931400331,20.811586531941522,4.0,3.0,-1.0
3036634,문치재,정선군,12.463215155265864,16.843255360731355,3.0,2.0,-1.0
129033,물치마을,양양군,5.522803839260709,12.094549216496677,1.0,2.0,1.0
2707937,물치항,양양군,5.457858227467458,12.050112710975387,1.0,2.0,1.0
125634,미산계곡,인제군,38.66536345940707,34.77105487847555,10.0,6.0,-4.0
127903,미시령계곡,인제군,15.210543463426436,18.723007759138387,4.0,3.0,-1.0
2790003,미시령옛길 울산바위 은하수,고성군,8.907094833840143,14.410118526168052,2.0,2.0,0.0
125667,미천골계곡,양양군,26.333052035393024,26.333151076321776,8.0,4.0,-4.0
250295,민충사,영월군,1.1834759653976072,9.125533116695365,0.0,1.0,1.0
2988365,바람마을 치즈체험장,평창군,16.872904444169922,19.860413518504295,4.0,3.0,-1.0
2717291,바우파머스몰(대관령마켓),평창군,18.149121400477288,20.73361526777491,4.0,3.0,-1.0
2715249,바회마을,홍천군,26.1113484978771,26.181459065162066,8.0,4.0,-4.0
2727740,반암항,고성군,25.650981412987125,25.866470816615617,8.0,4.0,-4.0
126727,반암해변,고성군,25.301420276180806,25.62729722263714,8.0,4.0,-4.0
2725124,반정,평창군,14.979253649232136,18.564756711505154,3.0,3.0,0.0
128377,밤두둑마을,횡성군,2.0798217317395675,9.738822798557738,0.0,1.0,1.0
128299,밧도내마을,영월군,16.15576360201105,19.369737826764215,4.0,3.0,-1.0
125729,방아다리약수터,평창군,34.111746079333265,31.65541952969096,10.0,5.0,-5.0
127499,방태산,인제군,32.46786274362581,30.530656379317293,10.0,5.0,-5.0
128341,배두둑호박넝쿨마을,평창군,11.686025597727793,16.311493674128556,3.0,2.0,-1.0
2914353,배후령고개,춘천시,11.19868257978158,15.978048193983279,2.0,2.0,0.0
2773567,백골병단전적비,인제군,18.45832916290605,20.945178636923423,5.0,3.0,-2.0
127540,백담계곡,인제군,19.34801313339269,21.553910244419676,5.0,3.0,-2.0
127873,백도해변,고성군,9.80847429948875,15.026852320740371,2.0,2.0,0.0
1923400,백두대간협곡열차(V-트레인),태백시,3.040103988614806,10.395858534020135,1.0,1.0,0.0
1333464,백룡동굴 (강원고생대 국가지질공원),평창군,13.760816512721897,17.731088553658815,3.0,3.0,0.0
128733,백석산지구 전투전적비,양구군,16.27236109570083,19.44951512085775,4.0,3.0,-1.0
2782901,백섬해상전망대,고성군,28.02607227207911,27.491534237522146,9.0,4.0,-5.0
2776855,범바위,속초시,0.7259280419111993,8.812473769545269,0.0,1.0,1.0
127135,법수치계곡,양양군,23.420699128731403,24.340487023378564,7.0,4.0,-3.0
128754,법흥계곡,영월군,13.03828827261637,17.23672674468939,3.0,2.0,-1.0
3111839,별빛 반려견놀이터,영월군,5.210428758843048,11.880818733367478,1.0,2.0,1.0
2913913,별빛반려견 놀이터,영월군,5.210428758843048,11.880818733367478,1.0,2.0,1.0
1842210,병방치 스카이워크,정선군,3.1068225337178608,10.441508100110642,1.0,1.0,0.0
127749,보광사(속초),속초시,0.46904018760499844,8.636708259897452,0.0,1.0,1.0
127025,보덕사(영월),영월군,1.4966312984820425,9.33979745732437,0.0,1.0,1.0
252556,보문사(원주),원주시,6.552921666372662,12.79936722110276,1.0,2.0,1.0
125768,보현사(강릉),강릉시,10.598324597761138,15.567276626110012,2.0,2.0,0.0
2718833,복주머니마을,홍천군,22.43041818569964,23.662925855231517,6.0,4.0,-2.0
2702610,본적사지3층석탑,태백시,8.1997419580842,13.926139869240593,2.0,2.0,0.0
3428601,봄내길 7코스(북한강 물새길),춘천시,11.816912900819995,16.40104821377996,3.0,2.0,-1.0
2777305,봉래산(영월),영월군,2.2966470585931966,9.887177084056797,0.0,1.0,1.0
2777602,봉래산산림욕장,영월군,2.752777024054524,10.199266248651512,1.0,1.0,0.0
753732,봉산동 당간지주,원주시,0.34706763910094046,8.553253293882186,0.0,1.0,1.0
129267,봉산서재,평창군,25.64827871711832,25.864621602225597,8.0,4.0,-4.0
2711047,봉정연꽃마을,동해시,5.0601776793005016,11.778015283814538,1.0,2.0,1.0
2704849,봉포항,고성군,4.339376159246665,11.284834915792269,1.0,2.0,1.0
2798815,봉황둘레길,평창군,14.389151376076907,18.161002213007787,3.0,3.0,0.0
129582,부남해변,삼척시,11.699362568823126,16.3206189771837,3.0,2.0,-1.0
126895,부연동마을,강릉시,20.586530905055785,22.401317794816222,5.0,3.0,-2.0
2772889,부연약수,강릉시,20.20268475951877,22.13868601886528,5.0,3.0,-2.0
125682,북분리해수욕장,양양군,20.791987454121564,22.54189343687824,5.0,4.0,-1.0
1830997,불바라기약수터,양양군,29.694692360222582,28.63322254736157,10.0,5.0,-5.0
128101,붕어섬&황톳길,화천군,1.2841205697745206,9.19439526757201,0.0,1.0,1.0
2702483,비두리 귀부 및 이수,원주시,13.226153480114801,17.36526619638996,3.0,2.0,-1.0
2616514,비래암(강원평화지역국가지질공원),화천군,12.097126898067769,16.592773728284044,3.0,2.0,-1.0
125671,비룡폭포,속초시,7.833728529970265,13.675709435679853,2.0,2.0,0.0
126602,비봉산(양구),양구군,1.6163490989670775,9.421709699820218,0.0,1.0,1.0
2716199,비와야폭포,태백시,1.488571213851237,9.334282658320873,0.0,1.0,1.0
129012,비치조각공원,삼척시,2.6669117601099,10.14051628587483,1.0,1.0,0.0
2913890,사근진해중공원 전망대,강릉시,3.655795745806252,10.817121640370516,1.0,1.0,0.0
2702543,사내골소나무,태백시,10.34169318361933,15.391686575657454,2.0,2.0,0.0
127580,사명산,양구군,8.007724553642497,13.794759438491546,2.0,2.0,0.0
2773046,사천진항,강릉시,2.720716305393627,10.177329950532913,1.0,1.0,0.0
3532403,산계리3층석탑,강릉시,17.23078007915812,20.105275984050287,4.0,3.0,-1.0
128375,산속호수마을,화천군,7.394781579273019,13.375377079734,1.0,2.0,1.0
2715403,산양마을,삼척시,24.806967875227357,25.288987424048614,7.0,4.0,-3.0
1955964,산양서원,삼척시,25.06986714968342,25.468866013815386,8.0,4.0,-4.0
1995974,삼굿마을(유전리산촌생태마을),영월군,21.588467797599048,23.08685409246813,6.0,4.0,-2.0
125604,삼악산(춘천),춘천시,9.265260631211666,14.655179524024279,2.0,2.0,0.0
776735,삼운사(춘천),춘천시,0.4731282689559895,8.639505370348934,0.0,1.0,1.0
129386,삼척 가시오가피마을,삼척시,19.348987559905378,21.55457695781132,5.0,3.0,-2.0
129387,삼척 고무릉환선마을,삼척시,14.339358963499828,18.12693369389916,3.0,3.0,0.0
128962,삼척 궁촌리 음나무,삼척시,16.390926286209652,19.530638734866507,4.0,3.0,-1.0
801593,삼척 덕풍계곡마을,삼척시,13.619250752162793,17.634227695365013,3.0,3.0,0.0
1993698,삼척 맹방유채꽃 마을,삼척시,6.085178338430023,12.479332065520008,1.0,2.0,1.0
128295,삼척 신리너와마을,삼척시,14.194185902762037,18.0276046809467,3.0,3.0,0.0
127733,삼척 영경묘,삼척시,9.57208971819382,14.865115377137482,2.0,2.0,0.0
128963,삼척 척주동해비 및 평수토찬비,삼척시,1.86308557924882,9.590529527143529,0.0,1.0,1.0
126639,삼척 초당굴,삼척시,6.6878991357557185,12.891720297744548,1.0,2.0,1.0
128633,삼척 해신당공원,삼척시,23.977100327966692,24.721182874556014,7.0,4.0,-3.0
127505,삼척공양왕릉,삼척시,15.562181751713243,18.963602563121395,4.0,3.0,-1.0
2776835,삼척미로정원,삼척시,8.248237610616295,13.959321130791583,2.0,2.0,0.0
2820721,삼척항 대게거리,삼척시,2.1700550553360776,9.800561436034357,0.0,1.0,1.0
2513410,삼척해상케이블카,삼척시,21.099704280934272,22.752436691396905,6.0,4.0,-2.0
125797,삼척향교,삼척시,1.1547441119746449,9.105874464971047,0.0,1.0,1.0
561051,삽슬봉(아이스크림 고지),철원군,13.348386275861376,17.44889922644542,3.0,2.0,-1.0
125687,상맹방해변,삼척시,5.980440283274408,12.407669130370087,1.0,2.0,1.0
2798901,상원사 동종,평창군,26.109201533712053,26.179990088547022,8.0,4.0,-4.0
125760,상원사(원주),원주시,9.762731547128427,14.995554623918462,2.0,2.0,0.0
127158,상정바위산,정선군,5.633521120227461,12.17030320404311,1.0,2.0,1.0
2714661,샘재골송이마을,양양군,22.90882068796806,23.990254135718345,6.0,4.0,-2.0
2717599,서곡정사석조약사여래입상,영월군,11.75588702949507,16.359293638017334,3.0,2.0,-1.0
2716182,서광사,태백시,8.39512189868371,14.059820984399504,2.0,2.0,0.0
1626481,서봉사계곡 마을관리휴양지,홍천군,28.449039841875997,27.7809333244141,9.0,5.0,-4.0
128780,서상리삼층석탑,춘천시,7.73925892486536,13.611072287565797,2.0,2.0,0.0
2715384,서운재(瑞雲齋),정선군,8.106330797410958,13.86222692050711,2.0,2.0,0.0
2718059,선광사,태백시,4.668189088582205,11.509812356861026,1.0,2.0,1.0
127583,선달산(영월),영월군,20.00640386565954,22.004388461526602,5.0,3.0,-2.0
125806,설악 흔들바위,속초시,11.41245925670582,16.124316559499768,2.0,2.0,0.0
125798,설악산 권금성,속초시,8.761021876397875,14.3101737939426,2.0,2.0,0.0
2513888,설악산 자생식물원,속초시,4.6834432732353175,11.520249438625974,1.0,2.0,1.0
128788,설악산 케이블카,속초시,8.296699401305618,13.99247922369543,2.0,2.0,0.0
2383582,설악산 흘림골,양양군,18.597194851866085,21.04019207638157,5.0,3.0,-2.0
3041402,설악산책,속초시,3.8005391779580706,10.916156696695188,1.0,1.0,0.0
2710893,설악해맞이공원 인어연인상,속초시,4.681669556789596,11.519035842226508,1.0,2.0,1.0
2710820,설악해수욕장,양양군,8.487617471142745,14.123107477555582,2.0,2.0,0.0
129452,설피마을,인제군,25.10421793783329,25.492369202793597,8.0,4.0,-4.0
129006,섬강(섬강유원지),횡성군,1.358805672921152,9.245495640741154,0.0,1.0,1.0
2717271,성국사,양양군,18.152474319190162,20.735909371822636,4.0,3.0,-1.0
2820743,성내동 성당,삼척시,0.4667008209138997,8.635107639347193,0.0,1.0,1.0
129417,세계 평화의종 공원,화천군,16.918063040002817,19.891311528972658,4.0,3.0,-1.0
3532273,소금강,강릉시,13.114488066306375,17.28886348587225,3.0,2.0,-1.0
2638572,소금산 스카이워크 브릿지,원주시,10.030435841916564,15.178720861712875,2.0,2.0,0.0
2775500,소돌해수욕장,강릉시,10.127845531733637,15.245369648287758,2.0,2.0,0.0
128412,소똥령마을,고성군,22.242566863587115,23.534395904065477,6.0,4.0,-2.0
2616518,소양강 하안단구 (강원평화지역 국가지질공원),인제군,19.45733063932384,21.628706490413126,5.0,3.0,-2.0
127476,소양강댐,춘천시,9.744346520523322,14.982975385480497,2.0,2.0,0.0
2470375,소양강댐 물 문화관,춘천시,9.744346520523322,14.982975385480497,2.0,2.0,0.0
2396037,소양강스카이워크,춘천시,1.7453462982611165,9.509971009559028,0.0,1.0,1.0
129416,소양강처녀상,춘천시,1.7086594008947256,9.484869428830672,0.0,1.0,1.0
2702541,소양로비석군,춘천시,1.2596453841287045,9.177649074995564,0.0,1.0,1.0
2605271,소양호 막국수거리,춘천시,7.152038554777926,13.209289619005022,1.0,2.0,1.0
127566,소양호(양구),양구군,9.836792143377815,15.046227702564984,2.0,2.0,0.0
125737,소양호(인제),인제군,11.440678469283128,16.14362445669057,2.0,2.0,0.0
125802,소양호(춘천),춘천시,9.873289555029007,15.071199635072357,2.0,2.0,0.0
2704788,소이산,철원군,15.630609255084854,19.010421417350692,4.0,3.0,-1.0
2048756,소이산 생태숲 녹색길,철원군,14.916755740028213,18.52199495115327,3.0,3.0,0.0
2569391,소지섭길,양구군,13.629573035765416,17.641290315912194,3.0,3.0,0.0
250357,속초 조양동 유적,속초시,1.5763383808647053,9.394333924201584,0.0,1.0,1.0
1993692,속초 하도문쌈채 마을,속초시,4.297492104951993,11.256177382842328,1.0,2.0,1.0
1799724,속초스파랜드,속초시,1.0676755301157603,9.046301178775515,0.0,1.0,1.0
2913909,속초시 반려견놀이터,속초시,1.6471056515136355,9.44275367306666,0.0,1.0,1.0
987582,속초항,속초시,0.971310137804137,8.980366912097903,0.0,1.0,1.0
125707,속초해수욕장,속초시,2.2038776303942234,9.823703215776153,0.0,1.0,1.0
2814180,속초해수욕장 대관람차(속초아이),속초시,2.261168169062624,9.862902035643465,0.0,1.0,1.0
2714833,속초해안로,속초시,0.7786889322275634,8.848573353937743,0.0,1.0,1.0
125791,송담서원(강릉),강릉시,7.205027126647336,13.245544985632964,1.0,2.0,1.0
127874,송지호 해수욕장,고성군,13.762871820802387,17.73249481816761,3.0,3.0,0.0
925616,송지호관망타워,고성군,14.671523901342113,18.35420461624255,3.0,3.0,0.0
2715383,수고당,정선군,20.18354964435411,22.12559356154312,5.0,3.0,-2.0
2568548,수달연구센터,화천군,11.670940395300395,16.30117221187043,3.0,2.0,-1.0
2015509,수로부인 헌화공원 (남화산 해맞이공원),삼척시,28.382081960251558,27.73512000162995,9.0,5.0,-4.0
2788875,수산항,양양군,15.49841198964199,18.919970586978167,4.0,3.0,-1.0
2713848,수상한마법학교,강릉시,2.2554926607171155,9.859018790094341,0.0,1.0,1.0
127897,수입천,양구군,10.687695821982297,15.628425405664053,2.0,2.0,0.0
125764,수타사,홍천군,5.753297783748441,12.252255721278846,1.0,2.0,1.0
127647,수타사계곡,홍천군,5.61049189959657,12.154546356714096,1.0,2.0,1.0
127139,수하계곡(평창),평창군,10.226200278413208,15.312665053214964,2.0,2.0,0.0
127899,수항계곡,평창군,21.07890157803068,22.738203252109642,6.0,4.0,-2.0
125665,숙암계곡,정선군,11.290859741082587,16.0411168267052,2.0,2.0,0.0
125654,순담계곡,철원군,2.9710567249829993,10.348615632969757,1.0,1.0,0.0
2775508,순포습지,강릉시,2.618370515132991,10.1073038294691,1.0,1.0,0.0
2775497,순포해변,강릉시,2.853784174777004,10.26837645774551,1.0,1.0,0.0
2915983,쉬리공원,철원군,14.270130041396595,18.079566500114517,3.0,3.0,0.0
732002,승리전망대,철원군,23.446830291255406,24.35836625364084,7.0,4.0,-3.0
2777847,승일교,철원군,4.160832130571869,11.162673117682523,1.0,1.0,0.0
2716754,신남항,삼척시,24.088092070779886,24.79712465193178,7.0,4.0,-3.0
127730,신남해변,삼척시,24.2785249368259,24.927420923994433,7.0,4.0,-3.0
2790500,신대리마을,횡성군,27.39378830105941,27.058918555054127,9.0,4.0,-5.0
136088,신세계센트럴시티 영랑호리조트,속초시,1.0324979525469737,9.02223229133725,0.0,1.0,1.0
128782,신장절공묘역,춘천시,7.159035515879753,13.214077017137837,1.0,2.0,1.0
2787559,신장절공묘역,춘천시,7.162222785446656,13.216257782208746,1.0,2.0,1.0
125754,신흥사(삼척),삼척시,13.474665448288151,17.535300832155595,3.0,3.0,0.0
127671,신흥사(설악산),속초시,8.558583079101513,14.17166293100054,2.0,2.0,0.0
3377145,실버벨교회,평창군,18.207767794226918,20.773741778676914,4.0,3.0,-1.0
323007,심원사(철원),철원군,5.307220491961037,11.94704470713773,1.0,2.0,1.0
2706961,심원사(태백),태백시,7.9307264468425025,13.742076482653992,2.0,2.0,0.0
2702608,심원암 토불 및 부도,태백시,5.578405375478745,12.132592402216606,1.0,2.0,1.0
125661,십이선녀탕(탕수동계곡),인제군,24.2702471474475,24.921757168996045,7.0,4.0,-3.0
3454469,아동청소년친화공간 꿈이랑,속초시,0.21311263595114055,8.461599799939902,0.0,1.0,1.0
2913887,아라리공원,정선군,0.7502711162541038,8.829129570107856,0.0,1.0,1.0
2414753,아라리촌,정선군,1.475939144214891,9.325639656636206,0.0,1.0,1.0
2913881,아름들 반려견쉼터,원주시,4.617747074042563,11.475299372908678,1.0,2.0,1.0
251738,아바이마을,속초시,1.4534624939822962,9.31026088408202,0.0,1.0,1.0
2735384,아야진항,고성군,6.909282137611312,13.043192994862142,1.0,2.0,1.0
3036538,아우라지선착장,정선군,11.855117712226127,16.427188368073878,3.0,2.0,-1.0
129669,아침가리계곡,인제군,30.259898903640792,29.01994311236644,10.0,5.0,-5.0
2714439,안반데기,강릉시,19.253858090053,21.489488322942663,5.0,3.0,-2.0
2771373,알파카 체험카페 마추픽추,평창군,23.138179575441917,24.14718402194429,7.0,4.0,-3.0
2495006,알파카월드,홍천군,13.293945296187683,17.411650106342346,3.0,2.0,-1.0
1071342,알펜시아 오션700,평창군,19.983246412593914,21.98854387614822,5.0,3.0,-2.0
3448238,알펜시아리조트대관령스키역사관,평창군,20.539457232541842,22.369109467712732,5.0,3.0,-2.0
2388953,애견전용해수욕장 멍비치,양양군,16.75700805924507,19.781115930778036,4.0,3.0,-1.0
770926,양구 국토정중앙배꼽마을,양구군,4.585309111751037,11.453104960527817,1.0,2.0,1.0
2714534,양구 산양·사향노루센터,양구군,15.339568587558283,18.811288175359916,4.0,3.0,-1.0
2569469,양구군민공원,양구군,0.19129310159194396,8.446670633330292,0.0,1.0,1.0
2913878,양구꽃섬,양구군,1.556575821529865,9.380812162642188,0.0,1.0,1.0
126607,양구향교,양구군,0.39042518752462835,8.582919007803739,0.0,1.0,1.0
2465077,양양 에너지팜,양양군,20.116117389391654,22.0794556672772,5.0,3.0,-2.0
2777254,양양 오색리 삼층석탑,양양군,18.152892762963823,20.736195675678204,4.0,3.0,-1.0
250380,양양 진전사지 도의선사탑,양양군,8.816450430178612,14.348098623166718,2.0,2.0,0.0
250393,양양 진전사지 삼층석탑,양양군,8.944012772865548,14.435378188153523,2.0,2.0,0.0
3042140,양양남대천체육공원,양양군,14.364710641559647,18.144279592274337,3.0,3.0,0.0
252570,양양동해신묘지,양양군,11.107905933616495,15.915937809199157,2.0,2.0,0.0
2915995,양양송이조각공원,양양군,13.252841174239581,17.38352621172558,3.0,2.0,-1.0
252568,양양향교,양양군,13.525043515376273,17.569770062554714,3.0,3.0,0.0
2616530,양의대 하천습지 (강원평화지역 국가지질공원),화천군,18.63500116583732,21.066059574325394,5.0,3.0,-2.0
125708,어달해변,동해시,4.046144175949905,11.084202351327928,1.0,1.0,0.0
2380945,어답산관광지,횡성군,14.482537069618342,18.224897736848163,3.0,3.0,0.0
127900,어성전계곡,양양군,21.80070237437416,23.23206733601565,6.0,4.0,-2.0
2798764,억두동길,평창군,29.241941179101932,28.323445184363052,10.0,5.0,-5.0
127654,엘리시안 강촌,춘천시,14.750211778645674,18.408043731737983,3.0,3.0,0.0
2994127,여로요가,속초시,0.27391530008204223,8.503201654872967,0.0,1.0,1.0
2715382,여송정,정선군,11.978820041836675,16.511826869443833,3.0,2.0,-1.0
2728424,연가리계곡,인제군,27.811244674285494,27.34454682032957,9.0,4.0,-5.0
2613434,연세대 원주캠퍼스길,원주시,6.4274046647402345,12.71348710107539,1.0,2.0,1.0
3427042,연세대학교 원주박물관,원주시,7.334015190972952,13.333800045125397,1.0,2.0,1.0
125779,영금정,속초시,1.2314844480969238,9.158381051261419,0.0,1.0,1.0
3041483,영금정갯바위,속초시,1.1564535609882163,9.107044088883,0.0,1.0,1.0
127565,영랑호,속초시,0.7337588088166977,8.817831666826148,0.0,1.0,1.0
250296,영모전,영월군,0.5237481808461413,8.67414007363504,0.0,1.0,1.0
2717302,영월 무릉리 마애여래좌상,영월군,13.898662505304644,17.825404305583533,3.0,3.0,0.0
2713395,영월 북쌍리 고택,영월군,8.012819458678809,13.798245428838321,2.0,2.0,0.0
128159,영월 섶다리 마을,영월군,8.52924709150701,14.151590923997734,2.0,2.0,0.0
129390,영월 술빛고을,영월군,15.212249057248355,18.724174745285595,4.0,3.0,-1.0
125784,영월 정양산성(왕검성),영월군,4.87653878978818,11.652367525599319,1.0,2.0,1.0
250293,영월 청령포 관음송,영월군,2.2398066557195246,9.8482862520762,0.0,1.0,1.0
2812256,영월관광센터,영월군,1.8294584650190204,9.567521483861183,0.0,1.0,1.0
2669251,영월동강생태공원,영월군,5.788636687559146,12.276434989915192,1.0,2.0,1.0
3042177,영월드초콜릿체험관,영월군,8.942326062156454,14.434224122040849,2.0,2.0,0.0
2939003,영월애살으리랏다,영월군,11.593321090272799,16.2480642253386,2.0,2.0,0.0
125755,영은사(삼척),삼척시,19.27855065178746,21.50638324664191,5.0,3.0,-2.0
337539,영천사(원주),원주시,1.5644394255073863,9.386192527410739,0.0,1.0,1.0
2788996,영혈사,양양군,10.449875105531902,15.46570584251224,2.0,2.0,0.0
127922,오대산 소금강계곡,강릉시,17.637058352091525,20.38325606953871,4.0,3.0,-1.0
125591,오대산국립공원,평창군,25.72581829929719,25.917675041503045,8.0,4.0,-4.0
2725128,오대산힐링빌리지,평창군,28.150682249413457,27.576793761498195,9.0,5.0,-4.0
2773843,오로라파크,태백시,8.310626773584776,14.002008485767055,2.0,2.0,0.0
128724,오봉서원,강릉시,7.446539718023267,13.410790570420158,1.0,2.0,1.0
2714543,오분해변,삼척시,2.88623519160465,10.290579802184297,1.0,1.0,0.0
2773573,오색 용소폭포,양양군,17.78283360491587,20.482997108973642,4.0,3.0,-1.0
2776990,오색 치마폭포,양양군,17.04953185143582,19.98126394305904,4.0,3.0,-1.0
125618,오색령(한계령),양양군,13.43701374543384,17.509539120847094,3.0,3.0,0.0
127473,오색약수터,양양군,17.781048753393847,20.481775893831877,4.0,3.0,-1.0
128603,오호어촌체험마을,고성군,13.35215511800201,17.45147790990019,3.0,2.0,-1.0
2743777,왕터리조트,춘천시,22.77321046722689,23.89746812360267,6.0,4.0,-2.0
129031,외옹치마을,속초시,3.4141838105807674,10.651808083423276,1.0,1.0,0.0
129598,외옹치항,속초시,3.514413903287009,10.720386620832684,1.0,1.0,0.0
1932003,외옹치해변,속초시,3.0947577691727752,10.433253254840611,1.0,1.0,0.0
2715375,요동백김응하장군묘비,철원군,12.12456844184537,16.61154953588546,3.0,2.0,-1.0
2616104,요선암 돌개구멍 (강원고생대 국가지질공원),영월군,13.898662505304644,17.825404305583533,3.0,3.0,0.0
128752,요선정·요선암,영월군,13.87351670964883,17.808199274225075,3.0,3.0,0.0
2569470,용머리 공원,양구군,2.113923896484737,9.76215587665408,0.0,1.0,1.0
1955972,용산서원(동해),동해시,4.601983946733878,11.46451406695275,1.0,2.0,1.0
125626,용소계곡,홍천군,28.520227684290354,27.829640833130235,9.0,5.0,-4.0
125644,용수골계곡,원주시,6.060142099066645,12.462201993787914,1.0,2.0,1.0
2569465,용암리선사유적,화천군,1.744437797225015,9.509349403107226,0.0,1.0,1.0
2568512,용양늪,철원군,19.209433359748203,21.459092431381038,5.0,3.0,-2.0
126732,용연동굴 (강원고생대 국가지질공원),태백시,12.912949613711948,17.15096864872799,3.0,2.0,-1.0
2702489,용운사지 삼층석탑,원주시,8.124335570727075,13.874545985441292,2.0,2.0,0.0
2702496,용운사지 석조비로자나불좌상,원주시,8.101884374059713,13.859184628497813,2.0,2.0,0.0
129026,용화마을,삼척시,20.841479120801043,22.575756182319168,5.0,4.0,-1.0
2778038,용화사(원주),원주시,19.866884631227876,21.90892785903224,5.0,3.0,-2.0
125599,용화산 (강원평화지역 국가지질공원),화천군,7.227460273979467,13.260893993021755,1.0,2.0,1.0
2569485,용화저수지,철원군,3.893404596841273,10.979696242863096,1.0,1.0,0.0
125709,용화해변,삼척시,35.54193070756765,32.63396766210853,10.0,5.0,-5.0
2725123,운기석9020(운기석9020협동조합),정선군,0.4352553966736084,8.613592332472862,0.0,1.0,1.0
2911420,운탄고도 1330 1~3길,영월군,1.8294584650190204,9.567521483861183,0.0,1.0,1.0
2714537,원당계곡,평창군,6.748865396897022,12.93343408756059,1.0,2.0,1.0
2709660,원동성당,원주시,0.1490719520396742,8.41778245607873,0.0,1.0,1.0
252557,원주 강원감영,원주시,0.4216418480691674,8.604277792028599,0.0,1.0,1.0
127117,원주 거돈사지,원주시,20.802318287004432,22.54896190693747,5.0,4.0,-1.0
127116,원주 법천사지,원주시,21.459960465249324,22.99892795510779,6.0,4.0,-2.0
2702481,원주 부흥사지 석탑재,원주시,4.489630782257572,11.387640789825431,1.0,2.0,1.0
800404,원주 삼태미마을,원주시,15.438591818015377,18.879040964277365,4.0,3.0,-1.0
252558,원주 영원산성,원주시,8.327621429402193,14.01363641714242,2.0,2.0,0.0
252554,원주 운곡원천석묘역,원주시,5.405094349539326,12.014011082425917,1.0,2.0,1.0
252551,원주 조엄묘역,원주시,8.218555703016506,13.939012441497237,2.0,2.0,0.0
2384828,원주 학곡마을,원주시,8.244422612750194,13.956710867079227,2.0,2.0,0.0
2465149,원주 협동사회경제네트워크,원주시,0.2711446384888034,8.501305937582975,0.0,1.0,1.0
2702530,원주 흥양리 마애불좌상,원주시,7.437655332315233,13.404711775507497,1.0,2.0,1.0
3453166,원주교육문화관 독도체험관,원주시,1.007431805253327,9.005081756268652,0.0,1.0,1.0
2702532,원주역 급수탑,원주시,0.9058179264815699,8.935556417136345,0.0,1.0,1.0
2713569,원주옻칠기공예관,원주시,8.859180680077307,14.377335132503084,2.0,2.0,0.0
125781,원주향교,원주시,0.6398278768663475,8.753563084839127,0.0,1.0,1.0
128370,원평 팜스테이,춘천시,13.522114696751046,17.56776613247511,3.0,3.0,0.0
127728,원평해수욕장,삼척시,16.3288485664281,19.48816447276234,4.0,3.0,-1.0
2774546,월드온천24,춘천시,7.395040749847378,13.375554407105941,1.0,2.0,1.0
264483,월정리역,철원군,18.98344801738305,21.30447076201086,5.0,3.0,-2.0
2799143,월정사 적멸보궁,평창군,25.290654899357474,25.61993143281024,8.0,4.0,-4.0
2799214,월정사 팔각구층석탑,평창군,25.1796463238072,25.543978138289688,8.0,4.0,-4.0
2799163,월정사부도군,평창군,25.009766931670004,25.427744780280996,8.0,4.0,-4.0
2714805,월천해수욕장,삼척시,31.583361311664,29.92547072196939,10.0,5.0,-5.0
2714198,웰리힐리파크 워터플래닛,횡성군,19.086153458190314,21.374742959954382,5.0,3.0,-2.0
2605277,웰컴투동막골촬영지,평창군,9.347657500679416,14.711556372958992,2.0,2.0,0.0
1146400,위라리칠층석탑,화천군,1.0066783192297282,9.004566212801999,0.0,1.0,1.0
2701876,유동리 오층석탑,평창군,2.0950891515080388,9.749268935934921,0.0,1.0,1.0
2939639,유현문화관광지,횡성군,15.260571721433145,18.757237646297085,4.0,3.0,-1.0
125731,육림랜드,춘천시,4.034407990635266,11.076172323599604,1.0,1.0,0.0
3072030,육십마지기,평창군,7.236927848208519,13.267371811967273,1.0,2.0,1.0
125598,육향산,삼척시,1.916462718901125,9.627050756143898,0.0,1.0,1.0
128785,윤희순의사 동상,춘천시,3.1165522462264046,10.448165276964758,1.0,1.0,0.0
2782911,응봉,고성군,30.390949544861485,29.109609409770954,10.0,5.0,-5.0
129290,의민공사우,원주시,11.09495390059472,15.907075885029188,2.0,2.0,0.0
131036,의암호,춘천시,2.682631801368405,10.151272111878935,1.0,1.0,0.0
2605236,의암호스카이워크,춘천시,6.455720153300721,12.732860871358156,1.0,2.0,1.0
2710608,의암호자전거길(봄내길코스),춘천시,1.473774712858649,9.324158728775856,0.0,1.0,1.0
129394,의야지 바람마을 하늘체험장,평창군,17.13395247929769,20.039025469858373,4.0,3.0,-1.0
2777057,이두형가옥,양양군,12.299701875368557,16.731377767090517,3.0,2.0,-1.0
2922700,이사부광장,삼척시,2.485283365459443,10.016244130468836,0.0,1.0,1.0
127620,이효석 가산공원,평창군,27.404629065620597,27.066335926004633,9.0,4.0,-5.0
2605276,이효석 생가,평창군,27.029465841100947,26.809645100597933,9.0,4.0,-5.0
126842,이효석문화마을,평창군,27.220900287713086,26.94062666515577,9.0,4.0,-5.0
2699726,인어상,춘천시,7.063351623150865,13.148609040008278,1.0,2.0,1.0
125726,인제 미산리 개인약수,인제군,40.924007401537075,36.31644403155025,10.0,6.0,-4.0
2041021,인제 하늘여울소치마을,인제군,20.21430221865919,22.146634812832765,5.0,3.0,-2.0
980192,인터컨티넨탈 알펜시아 평창 리조트,평창군,21.447171601546547,22.99017767318961,6.0,4.0,-2.0
3532370,임당동 성당,강릉시,0.6400908710505201,8.753743028367172,0.0,1.0,1.0
3532478,임당생활문화센터,강릉시,0.8184642723430678,8.875788081335806,0.0,1.0,1.0
125710,임원해변,삼척시,28.75873168819911,27.992827909114368,9.0,5.0,-4.0
250294,자규루 및 관풍헌,영월군,0.5663136756731075,8.70326385573007,0.0,1.0,1.0
125719,작은후진해수욕장,삼척시,2.8370933804536076,10.25695643176335,1.0,1.0,0.0
2714604,잔교리해변,양양군,23.31834080053162,24.27045232371819,7.0,4.0,-3.0
2569480,잠곡저수지,철원군,13.434512805242589,17.50782794992194,3.0,3.0,0.0
2699658,잣나무 연리지,태백시,5.893702892932532,12.348322449071603,1.0,2.0,1.0
2702538,장명사,태백시,0.942059395722131,8.960353231017082,0.0,1.0,1.0
2705223,장미공원,원주시,1.3517527597774517,9.240669959602775,0.0,1.0,1.0
129027,장사어촌체험마을,속초시,1.1384706845863737,9.094740006059622,0.0,1.0,1.0
125786,장수대,인제군,22.569784737371158,23.75828199049358,6.0,4.0,-2.0
127140,장전계곡,평창군,14.72268177252145,18.389207397221117,3.0,3.0,0.0
128604,장호어촌체험마을,삼척시,21.896510991949942,23.297620651264207,6.0,4.0,-2.0
2702650,재동유원지,삼척시,10.079938796999887,15.212591330804504,2.0,2.0,0.0
2702467,전기필불망비,양구군,6.554738641093001,12.80061041529191,1.0,2.0,1.0
2791139,전망대활어회센터 (묵호항전망대),동해시,2.368141840971335,9.936094604489174,0.0,1.0,1.0
2511677,정감이마을,강릉시,6.914407519841829,13.046699838042095,1.0,2.0,1.0
3545967,정동진,강릉시,14.195068439230685,18.028208522154426,3.0,3.0,0.0
2774699,정동진조각공원,강릉시,15.568380198582405,18.967843608989156,4.0,3.0,-1.0
129392,정선 가리왕산마을,정선군,5.1074278913871884,11.810344401245231,1.0,2.0,1.0
2609309,정선 양떼목장,정선군,3.758867446500748,10.887644437377652,1.0,1.0,0.0
126754,정선백전리물레방아,정선군,18.404459232983932,20.908320235372962,5.0,3.0,-2.0
2702823,정암해수욕장,양양군,7.328696038918245,13.33016062248973,1.0,2.0,1.0
264481,제2땅굴(철원),철원군,13.07846397280924,17.264215402878115,3.0,2.0,-1.0
127843,조양산(정선),정선군,0.7960222573604162,8.860433006602502,0.0,1.0,1.0
129029,주문리마을,강릉시,8.707857387788039,14.273798063136212,2.0,2.0,0.0
3541047,주문진 관광안내센터,강릉시,8.362560364033385,14.03754202244474,2.0,2.0,0.0
3543415,주문진문화교육센터,강릉시,7.718417352385441,13.596812253284735,2.0,2.0,0.0
2638566,주문진읍 BTS 앨범사진 촬영지 (버스정류장),강릉시,11.062459682035936,15.88484298148839,2.0,2.0,0.0
252567,죽도정·죽도 전망대,양양군,18.944193318212257,21.277612262902522,5.0,3.0,-2.0
125720,죽도해수욕장,양양군,19.165632675581204,21.42912351908533,5.0,3.0,-2.0
2787556,죽림동성당,춘천시,1.4093140555746173,9.280054034490636,0.0,1.0,1.0
2514834,"죽정분교(구,죽정초등학교)",고성군,31.850448170231306,30.108214503076148,10.0,5.0,-5.0
2710821,중광정해수욕장,양양군,22.502590569117054,23.71230699778541,6.0,4.0,-2.0
127735,중봉계곡,삼척시,21.01441483133458,22.694080707160282,6.0,4.0,-2.0
125681,지경리해변,양양군,12.318800262660686,16.74444509479629,3.0,2.0,-1.0
126693,지암계곡,춘천시,15.874115697046308,19.17703121674925,4.0,3.0,-1.0
125648,직연폭포,양구군,11.88420894492461,16.447092911071216,3.0,2.0,-1.0
125653,직탕폭포 (한탄강 유네스코 세계지질공원),철원군,7.58287370572321,13.504071791889807,2.0,2.0,0.0
2726885,진동 계곡마을,인제군,30.13307103513976,28.93316608273677,10.0,5.0,-5.0
126629,진동계곡,인제군,30.077836468056763,28.895373981355647,10.0,5.0,-5.0
2798428,진뚜루 마중길,평창군,24.671970500444175,25.19662072791202,7.0,4.0,-3.0
2616535,진부령,고성군,26.98826179062099,26.781452833775027,8.0,4.0,-4.0
127449,진부령 흘리마을,고성군,19.341167886459008,21.549226650797806,5.0,3.0,-2.0
2715752,진부리 마을관리휴양지,고성군,21.397548721507086,22.956225150117298,6.0,4.0,-2.0
2710739,진전사,양양군,8.824202269017901,14.353402516992197,2.0,2.0,0.0
127531,집다리골자연휴양림,춘천시,17.44592692769541,20.252481836130798,4.0,3.0,-1.0
2736542,차맛체험관,원주시,5.148176834719121,11.83822527872654,1.0,2.0,1.0
2789822,창안산산림욕장,화천군,16.437229919529024,19.562320192640776,4.0,3.0,-1.0
2715231,척야산 문화수목원,홍천군,25.323664758551807,25.642517143373958,8.0,4.0,-4.0
2364047,천곡천연동굴 자연학습체험공원,동해시,1.4251042499753677,9.290857860050165,0.0,1.0,1.0
126666,천곡황금박쥐동굴,동해시,1.4277284803448322,9.292653387478147,0.0,1.0,1.0
2774730,천년학 힐링타운,삼척시,26.261718722242847,26.28434403492011,8.0,4.0,-4.0
125680,천불동계곡,속초시,10.50179241781914,15.501228241491965,2.0,2.0,0.0
125753,천은사(삼척),삼척시,10.747160434187975,15.66911175067857,2.0,2.0,0.0
125643,천은사계곡(원주),원주시,12.13188286256762,16.61655414339988,3.0,2.0,-1.0
2713413,천전리 지석묘군,춘천시,5.977100816052665,12.405384229981287,1.0,2.0,1.0
264485,철원 노동당사,철원군,14.917579287680965,18.52255843156108,3.0,3.0,0.0
2713279,철원 농산물검사소,철원군,16.23887876569495,19.426606140541907,4.0,3.0,-1.0
2615218,철원 용암대지 (한탄강 유네스코 세계지질공원),철원군,14.860128914113021,18.483250250888624,3.0,3.0,0.0
2900623,철원승일공원,철원군,4.076503415197645,11.104974478423273,1.0,1.0,0.0
1954346,철원향교,철원군,12.892994955318283,17.13731545086901,3.0,2.0,-1.0
127284,청대산,속초시,1.7034022674065554,9.481272439983806,0.0,1.0,1.0
2772532,청성애원 우루루동물농장,평창군,1.02494038793019,9.017061322082386,0.0,1.0,1.0
2798404,청옥산 도깨비길,평창군,8.461831917686668,14.105464716838075,2.0,2.0,0.0
125595,청옥산(평창),평창군,11.322051621704803,16.062458656233282,2.0,2.0,0.0
2716150,청원사(태백),태백시,4.783924356366462,11.588999706458642,1.0,2.0,1.0
2710984,청정신흥마을,동해시,7.63023365587091,13.536475993314928,2.0,2.0,0.0
2774505,청정조각공원,인제군,21.7316471468907,23.184818986009937,6.0,4.0,-2.0
2714079,청춘양구레포츠공원,양구군,0.7356291871815352,8.81911140037921,0.0,1.0,1.0
2714645,청호해변,속초시,1.4459566187197412,9.305125281254712,0.0,1.0,1.0
2715341,초곡항,삼척시,18.411717425695475,20.9132863710609,5.0,3.0,-2.0
127729,초곡해수욕장,삼척시,18.017195952324098,20.643350417796743,4.0,3.0,-1.0
129021,초도마을,고성군,32.600162952279554,30.621177644572683,10.0,5.0,-5.0
2720146,초도항,고성군,32.748029950817596,30.722349879547842,10.0,5.0,-5.0
126777,초도해변,고성군,33.32706048499318,31.118528971844313,10.0,5.0,-5.0
2524328,최초석탄발견지탑,태백시,0.525891078882294,8.675606268159749,0.0,1.0,1.0
125725,추곡약수터,춘천시,11.647908634921492,16.285413626817753,2.0,2.0,0.0
125632,추대계곡,인제군,32.64242905411799,30.650096578675353,10.0,5.0,-5.0
129000,추암 촛대바위,동해시,4.379030610973125,11.311966930018205,1.0,2.0,1.0
2638571,추암 출렁다리,동해시,4.119793736534006,11.134594194828525,1.0,1.0,0.0
2714850,추암조각공원,동해시,4.34690823040123,11.289988442138469,1.0,2.0,1.0
127713,추암해변,동해시,4.3802064560231315,11.312771456199638,1.0,2.0,1.0
800528,춘천 강언덕마을 [농촌전통테마],춘천시,24.66521169085571,25.191996275677262,7.0,4.0,-3.0
128783,춘천 근화동 당간지주,춘천시,1.8419055865532372,9.57603794200989,0.0,1.0,1.0
264432,춘천 명동 닭갈비 골목,춘천시,1.1096680081436463,9.075032896442277,0.0,1.0,1.0
2814588,춘천 삼악산 호수케이블카,춘천시,4.793570095248848,11.595599427629466,1.0,2.0,1.0
129303,춘천 솔바우마을,춘천시,12.56622401763031,16.913735163058433,3.0,2.0,-1.0
128644,춘천김정은가옥,춘천시,3.5959603683458097,10.776181613670117,1.0,1.0,0.0
2774564,춘천꿈자람어린이공원,춘천시,1.612642266170759,9.419173443844302,0.0,1.0,1.0
3353336,춘천꿈자람어린이공원,춘천시,1.612642266170759,9.419173443844302,0.0,1.0,1.0
2699754,춘천내평전투 호국경찰추모상,춘천시,6.9832601474316105,13.093809566960942,1.0,2.0,1.0
1600871,춘천문학공원,춘천시,4.209332555195997,11.195857644351635,1.0,1.0,0.0
128787,춘천봉의산성,춘천시,1.1430140910087119,9.097848654958248,0.0,1.0,1.0
2465233,춘천수력발전소,춘천시,7.336071154422181,13.335206758044725,1.0,2.0,1.0
2930371,춘천시 반려견놀이터 같이놀개,춘천시,6.8219437808437435,12.983435125691898,1.0,2.0,1.0
3112158,춘천시 반려동물 놀이터 같이놀개,춘천시,6.8219437808437435,12.983435125691898,1.0,2.0,1.0
2778008,춘천시 수변공원,춘천시,3.7115635846066652,10.855278612155676,1.0,1.0,0.0
914428,춘천지구 전적비(춘천지구 전적기념관),춘천시,3.280722111449792,10.560492113543834,1.0,1.0,0.0
2788118,춘천칠층석탑,춘천시,1.3490532077443018,9.238822896259865,0.0,1.0,1.0
2788128,춘천한백록묘역,춘천시,5.35984352613488,11.98304996883358,1.0,2.0,1.0
125780,춘천향교,춘천시,0.5906327485891527,8.719903234251081,0.0,1.0,1.0
125747,춘천호,춘천시,13.0785437384084,17.264269979382817,3.0,2.0,-1.0
917305,충렬탑(강원),춘천시,3.55766884758382,10.749982131876404,1.0,1.0,0.0
2792602,충주집 (이효석문화관),평창군,27.22371693280596,26.942553844864527,9.0,4.0,-5.0
128068,치악산자연휴양림,원주시,11.277177916314322,16.0317555709549,2.0,2.0,0.0
127481,칠봉유원지,원주시,9.255695851734677,14.64863519617358,2.0,2.0,0.0
2568601,칠성전망대,화천군,12.170829717105827,16.643202011807578,3.0,2.0,-1.0
2717292,카페 방림별곡,평창군,6.409230566878695,12.701052182415456,1.0,2.0,1.0
2792635,켄싱턴 프렌치 가든,평창군,26.428579862574153,26.398512271678356,8.0,4.0,-4.0
136093,켄싱턴리조트 설악비치,고성군,3.2565048094161404,10.54392236778557,1.0,1.0,0.0
2714644,켄싱턴해변,고성군,3.2646194770539427,10.549474513085833,1.0,1.0,0.0
128414,탁장사고을,양양군,20.626207133890446,22.428464709180318,5.0,3.0,-2.0
2718058,탑골마을,평창군,29.51748328532349,28.511974139382218,10.0,5.0,-5.0
2611328,태백 경찰서 망루,태백시,0.40088414839937997,8.59007514445139,0.0,1.0,1.0
2702170,태백 장성이중교,태백시,0.33780730272080234,8.546917269363778,0.0,1.0,1.0
2702606,태백 철암역두 선탄시설,태백시,3.072025200458301,10.417699380032108,1.0,1.0,0.0
125590,태백산 국립공원,태백시,5.2403140452424575,11.90126657668475,1.0,2.0,1.0
2702605,태백산석장승,태백시,5.140857815739985,11.833217525033923,1.0,2.0,1.0
2610062,태양의 후예 촬영지,태백시,7.165453939263299,13.21846857336844,1.0,2.0,1.0
2702534,태장동왕녀복란태실비,원주시,3.6038533224606057,10.781582060127038,1.0,1.0,0.0
129259,태종대(횡성),횡성군,13.707416760205998,17.694551852687205,3.0,3.0,0.0
2789872,토마토조각공원,화천군,16.875096641111487,19.86191344388505,4.0,3.0,-1.0
2702546,토성민속마을,철원군,10.986495361811437,15.83286735385364,2.0,2.0,0.0
2514802,통일안보공원,고성군,36.364215244506966,33.19658383211392,10.0,6.0,-4.0
128024,티앤라이프,홍천군,16.21109544379238,19.407596484569254,4.0,3.0,-1.0
125801,파로호(화천),화천군,6.0859764211253715,12.47987812252246,1.0,2.0,1.0
2774590,파로호전망대,화천군,5.6309254250305845,12.168527200695651,1.0,2.0,1.0
2772666,판관대,평창군,24.152682270580815,24.84131798063907,7.0,4.0,-3.0
125744,판대천,원주시,11.78532525535318,16.37943559757028,3.0,2.0,-1.0
125610,팔봉산(홍천),홍천군,17.602650786534006,20.359714032830546,4.0,3.0,-1.0
1626062,팔봉산관광지,홍천군,17.60784327043899,20.363266787717933,4.0,3.0,-1.0
2715230,팔봉참살이마을,홍천군,17.307824033485517,20.157990309272908,4.0,3.0,-1.0
129265,팔석정,평창군,25.809000124322953,25.97458896570774,8.0,4.0,-4.0
2569459,펀치볼지구전투전적비,양구군,13.304856610904784,17.419115748489418,3.0,2.0,-1.0
2798329,평창 남산 둘레길,평창군,0.5289615863900398,8.677707143339052,0.0,1.0,1.0
2755543,평창 라벤다팜,평창군,32.3266769373457,30.434055489941336,10.0,5.0,-5.0
2798953,평창 수항리사지,평창군,22.212073740523856,23.513532172183556,6.0,4.0,-2.0
2002440,평창 어름치마을,평창군,13.57907708998073,17.606740431605814,3.0,3.0,0.0
2820893,평창사랑,평창군,13.634402169990233,17.644594462931817,3.0,3.0,0.0
2772886,평창자연휴양림,평창군,27.839988564536448,27.364213707784664,9.0,4.0,-5.0
2820838,평창캠프닉,평창군,23.911418729196523,24.676242798609245,7.0,4.0,-3.0
1626292,평화의 댐(화천),화천군,16.648249788680545,19.706702319804418,4.0,3.0,-1.0
2789008,포매리 백로와 왜가리 번식지,양양군,16.341506962053455,19.496825486979702,4.0,3.0,-1.0
1955979,포충사(철원),철원군,12.11528272003377,16.605196142374226,3.0,2.0,-1.0
407172,피노키오청소년수련원(피노키오 캠핑장),원주시,21.128898981731968,22.772412028411498,6.0,4.0,-2.0
2569365,피니시타워,화천군,1.4631804154503667,9.316909993375903,0.0,1.0,1.0
2701934,피의능선전투전적비,양구군,13.771473416342928,17.738380124921605,3.0,3.0,0.0
2702469,필리핀군 전투전적비,양구군,5.245371830467736,11.904727169246478,1.0,2.0,1.0
2820765,하고사리역,삼척시,19.953194631718247,21.967982115469802,5.0,3.0,-2.0
2718844,하광정항,양양군,23.57110913946027,24.443399215406068,7.0,4.0,-3.0
127871,하맹방해변,삼척시,7.519519246251673,13.460723970376208,2.0,2.0,0.0
2783068,하이원리조트 알파인코스터,정선군,19.662071753915118,21.76879262429902,5.0,3.0,-2.0
129594,하조대 무인등대,양양군,23.964636303910435,24.712654851514877,7.0,4.0,-3.0
2913906,하조대전망대,양양군,23.57110913946027,24.443399215406068,7.0,4.0,-3.0
125701,하조대해수욕장,양양군,23.27216547035828,24.238858652374745,7.0,4.0,-3.0
2710610,하중도수변생태공원,춘천시,4.430522547921078,11.347198282488542,1.0,2.0,1.0
125628,하추리계곡,인제군,28.224548236321873,27.62733368628234,9.0,5.0,-4.0
2774513,하추자연휴양림,인제군,29.06097299396403,28.199624751603743,10.0,5.0,-5.0
2716757,하평해변(동해),동해시,0.8760751514522839,8.915206081673885,0.0,1.0,1.0
2716135,학도병충혼탑,태백시,1.529320818401498,9.36216398821507,0.0,1.0,1.0
2570364,한국DMZ평화생명동산,인제군,24.269025918646314,24.920921590750368,7.0,4.0,-3.0
2713392,한반도섬,양구군,3.0054609782757113,10.372155403389725,1.0,1.0,0.0
2913879,한반도섬 자연습지,양구군,3.0054609782757113,10.372155403389725,1.0,1.0,0.0
3428263,한반도습지 생태문화시설,영월군,12.352670267306223,16.767619326386086,3.0,2.0,-1.0
779594,한반도지형(강원고생대 국가지질공원),영월군,10.231690951840365,15.316421832669718,2.0,2.0,0.0
125688,한재밑해변,삼척시,5.085530284196895,11.79536181634154,1.0,2.0,1.0
137809,한화리조트 설악,속초시,4.539675958770573,11.421882252813159,1.0,2.0,1.0
126714,한화리조트 설악 워터피아,속초시,4.5612985583902494,11.436676674497,1.0,2.0,1.0
138662,한화리조트 평창,평창군,23.924843813291996,24.685428389553117,7.0,4.0,-3.0
1932458,합강정,인제군,17.308877558922184,20.158711143022728,4.0,3.0,-1.0
128966,해가사의 터,삼척시,3.6987875987050955,10.846537141371439,1.0,1.0,0.0
2568655,해산전망대,화천군,14.205955246486853,18.03565739602581,3.0,3.0,0.0
2616554,해안분지 (강원평화지역 국가지질공원),양구군,24.662058617988702,25.18983890836644,7.0,4.0,-3.0
3041727,해안야생화공원,양구군,21.653357956183534,23.131252656290982,6.0,4.0,-2.0
2993377,행복&피크닉,원주시,4.535053567451629,11.418719561575147,1.0,2.0,1.0
3547622,허균 허난설헌 기념공원 초희전통차체험관,강릉시,1.9051510226790584,9.619311168545167,0.0,1.0,1.0
2774532,현지사,춘천시,8.788963636556414,14.329291855121424,2.0,2.0,0.0
2702652,혈거유지,춘천시,0.36416091998663547,8.564948705619503,0.0,1.0,1.0
2721547,호린파크(경포대허브농장),강릉시,2.9804985764440777,10.355075852113078,1.0,1.0,0.0
2715296,호산항,삼척시,31.003913647632363,29.529006224814303,10.0,5.0,-5.0
977068,홀리데이인 알펜시아 평창 리조트,평창군,21.447171601546547,22.99017767318961,6.0,4.0,-2.0
127528,홍련암,양양군,9.117100925847327,14.553807015802878,2.0,2.0,0.0
2702556,홍천 동창보수로 및 암각명,홍천군,25.24644273131334,25.589680978697103,8.0,4.0,-4.0
125734,홍천 무궁화공원,홍천군,2.2169092243842816,9.832619576440116,0.0,1.0,1.0
1919999,홍천 무궁화마을,홍천군,22.960543870731517,24.025643709131927,6.0,4.0,-2.0
2002445,홍천 배바위카누마을,홍천군,21.73590752898179,23.18773398653247,6.0,4.0,-2.0
802670,홍천 살둔마을,홍천군,42.30816262714705,37.26349833786649,10.0,6.0,-4.0
786187,홍천 삼생마을,홍천군,28.51592919061175,27.826699756238227,9.0,5.0,-4.0
2714726,홍천 열목어마을,홍천군,31.11330884618816,29.603855628960382,10.0,5.0,-5.0
250290,홍천 풍암리 동학혁명군전적지,홍천군,24.875648228379884,25.335979280893106,7.0,4.0,-3.0
125745,홍천강,홍천군,15.970399732411353,19.24290981810466,4.0,3.0,-1.0
2704983,홍천동키마을,홍천군,8.672304189534069,14.249472171872897,2.0,2.0,0.0
2607515,화랑도체험장,속초시,1.612746210085785,9.419244563419998,0.0,1.0,1.0
2613277,화로구이 골목,홍천군,6.5644639407379906,12.807264572816003,1.0,2.0,1.0
128097,화악산,화천군,17.632505958139824,20.38014127127314,4.0,3.0,-1.0
128661,화암동굴 (강원고생대 국가지질공원),정선군,12.17128084525519,16.643510678674307,3.0,2.0,-1.0
2789860,화음동 정사지,화천군,18.66995541787466,21.089975659966324,5.0,3.0,-2.0
2782565,화진포소나무숲산림욕장,고성군,30.220374803303713,28.99290028600207,10.0,5.0,-5.0
2724982,화진포해수욕장,고성군,32.40439511225988,30.487231124342507,10.0,5.0,-5.0
2616559,화천 백립암복합체 (강원평화지역 국가지질공원),화천군,13.230695933295081,17.368374193069833,3.0,2.0,-1.0
2394825,화천 산약초 마을,화천군,10.916537209501985,15.785001212700724,2.0,2.0,0.0
2568531,화천 산타클로스우체국 대한민국 본점,화천군,0.2647846973365912,8.496954395541536,0.0,1.0,1.0
128373,화천 토고미마을,화천군,4.147637743759306,11.15364537236983,1.0,1.0,0.0
2790995,화천한옥학교,화천군,10.32633875152573,15.381180903485554,2.0,2.0,0.0
2789519,황병산사냥민속놀이체험관,평창군,18.331335147691163,20.858287927875494,4.0,3.0,-1.0
125763,황산사(원주),원주시,18.224106754620408,20.78492107599493,4.0,3.0,-1.0
129204,황영조 기념공원,삼척시,18.755994874710776,21.148844807444956,5.0,3.0,-2.0
3426645,황장목숲길,원주시,10.076420566024044,15.210184118279031,2.0,2.0,0.0
125740,황지연못,태백시,7.734056717762926,13.607512879959227,2.0,2.0,0.0
800555,황토구들마을,평창군,22.91359858707697,23.99352322710529,6.0,4.0,-2.0
2715002,횟집명소거리,동해시,3.0085076280839727,10.37423995486731,1.0,1.0,0.0
127809,횡성호,횡성군,11.030586007634078,15.863034661119482,2.0,2.0,0.0
2710730,효석문학의숲,평창군,26.23591014290219,26.26668551963784,8.0,4.0,-4.0
736148,효석문화마을 메밀음식거리,평창군,27.44741827350808,27.09561277504867,9.0,4.0,-5.0
2710612,효자동낭만골목,춘천시,1.519803464512305,9.355652109475802,0.0,1.0,1.0
129038,후진마을,삼척시,2.5519023367187073,10.061825567034695,1.0,1.0,0.0
2784323,후진항,양양군,8.208084675320949,13.931848048597399,2.0,2.0,0.0
128143,휘닉스 파크,평창군,24.71793182273245,25.22806797269478,7.0,4.0,-3.0
2713273,휘닉스 평창 루지랜드,평창군,24.304076662358188,24.94490369706167,7.0,4.0,-3.0
2994739,휘닉스찜질방 힐링센터,평창군,23.494830407850184,24.39120846402568,7.0,4.0,-3.0
129593,휴휴암(강원),양양군,17.753887464784228,20.463191839914437,4.0,3.0,-1.0
125811,흥양3기,원주시,5.330079267627012,11.962684934137588,1.0,2.0,1.0
126657,흥정계곡,평창군,28.90684684885839,28.094169939356156,9.0,5.0,-4.0
2715216,38평화마을,양양군,23.31834080053162,24.27045232371819,7.0,4.0,-3.0
2568711,643고지전투전적비,화천군,4.374616709158504,11.308946889603769,1.0,2.0,1.0
2569488,DMZ 두루미 평화타운(구 철새마을),철원군,13.06145956231066,17.25258079724206,3.0,2.0,-1.0
2353577,DMZ 생태평화공원,철원군,19.21539351269272,21.46317043391137,5.0,3.0,-2.0
2569463,DMZ펀치볼둘레길,양구군,24.64097448915697,25.175412914348165,7.0,4.0,-3.0
805209,KGC인삼공사 원주공장,원주시,6.643484056092298,12.861331009258436,1.0,2.0,1.0
2710577,KT&G 상상마당 춘천,춘천시,3.500285685028226,10.710719937721576,1.0,1.0,0.0
2798331,[효석문학100리길 1코스] 문학의 길,평창군,26.434114794702392,26.402299333425646,8.0,4.0,-4.0
2798729,[효석문학100리길 4코스] 옛길따라 평창강 가는길,평창군,4.928494337839692,11.687916085911635,1.0,2.0,1.0
2798876,[효석문학100리길 5-1코스] 마을길따라 노산가는 길,평창군,1.6704420217870788,9.458720675576451,0.0,1.0,1.0
2715272,故박정렬여사 추모공원,홍천군,40.47686080671376,36.010501388451495,10.0,6.0,-4.0
